Id,avg_upvotes,avg_sentiment,group_time_window,review_count,rating_deviation,early_time_window,verified_purchase,avg_rating,label
1,0.095238095,0.198602023,0,63,0.806248425,0.984126984,0.904761905,4.365079365,0
2,0.083333333,0.115864337,0,36,0.916666667,1,0.833333333,4.083333333,0
3,0.428571429,0.176724764,0,21,1.206349206,1,1,2.952380952,0
4,0.081081081,0.110978873,0,37,0.972972973,1,0.837837838,4,0
5,0.192307692,0.346190025,0,26,1.183431953,0.25,1,3.769230769,0
6,0.588235294,0.242169758,0,17,1.010380623,0.529411765,1,2.764705882,1
7,0.6,0.119339159,0,5,0.32,0.25,1,4.8,1
8,0.625,0.122155718,0,16,1.296875,0.5625,1,3.875,1
9,0.083333333,0.115864337,0,36,0.916666667,1,0.833333333,4.083333333,0
10,1.19047619,0.117632176,0,21,1.650793651,1,1,3.619047619,0
11,1.9375,0.113830049,0,48,1.0625,4.100478469,0.8125,4.25,0
12,0.338983051,0.144720684,0,59,0.723929905,0.270833333,0.796610169,4.525423729,0
13,0.565217391,0.21570757,0,23,1.221172023,0.590909091,1,3.217391304,0
14,1.784313725,0.175636992,0,51,0.929642445,3.835240275,0.862745098,3.725490196,0
15,0.15,0.125909027,0,20,0.55,0.235294118,0.85,4.5,0
16,0.25,0.261323443,0,16,0.46875,0.285714286,1,4.625,1
17,0.081081081,0.115424931,0,37,0.915997078,1,0.837837838,4.108108108,0
18,0,0.09992792,0,8,0.375,0,0.875,4.75,1
19,0,0.231208293,0,8,0.78125,0,1,3.375,1
20,1.142857143,0.156025068,0,7,0.244897959,0.5,1,4.857142857,1
21,0.470588235,0.060601606,0,17,0.823529412,0.470588235,1,4,1
22,0.7,0.155642624,0,10,0.42,0.333333333,0.8,4.7,1
23,0.1,0.220013781,0,10,0,0,1,5,1
24,1,0.133784148,0,20,1.23,0.5,1,3.9,0
25,0.083333333,0.300788969,0,12,0.791666667,0.111111111,0.833333333,3.916666667,1
26,0.095238095,0.198602023,0,63,0.806248425,0.984126984,0.904761905,4.365079365,0
27,0,0.181278957,0,9,0.987654321,0,1,3.111111111,1
28,0.272727273,0.184856772,0,11,0.462809917,0.181818182,1,4.636363636,1
29,0.171428571,0.252348498,0,35,0.107755102,0.264705882,0.942857143,4.942857143,0
30,0.24137931,0.29299314,0,29,1.060642093,0.28,1,3.896551724,0
31,0.2,0.265659083,0,15,0.488888889,0.384615385,0.933333333,4.666666667,1
32,1.666666667,0.24118731,0,15,0.773333333,1,0.866666667,3.466666667,1
33,1.444444444,0.116903727,0,9,0.345679012,0,1,4.777777778,1
34,0.625,0.151690294,0,16,1.171875,0.5,1,4.0625,1
35,0.339622642,0.213991684,0,53,0.518333927,0.270833333,0.981132075,4.018867925,0
36,0.103448276,0.177754579,0,29,0.321046373,0.321428571,0.689655172,4.827586207,0
37,0.722222222,0.117074832,0,18,0.555555556,0.333333333,1,4.666666667,0
38,0.571428571,0.064013864,0,14,0.969387755,0.428571429,1,3.928571429,1
39,0.178571429,0.338941472,0,28,1.107142857,0.269230769,1,3.785714286,0
40,0.181818182,0.278962282,0,33,0.113865932,0.242424242,0.939393939,4.939393939,0
41,0,0.244253793,0,11,1.256198347,0.3,0.909090909,3.636363636,1
42,0,0.140588779,0,3,1.111111111,0.333333333,1,2.666666667,1
43,1.745454545,0.176007931,0,55,0.979173554,3.675438596,0.872727273,3.763636364,0
44,0.142857143,0.128383502,0,7,1.183673469,0.428571429,0.285714286,2.714285714,1
45,0.1875,0.25966255,0,32,0.1171875,0.25,0.9375,4.9375,0
46,0.777777778,0.163091391,0,9,0.345679012,0.25,0.777777778,4.777777778,1
47,1.716981132,0.177792538,0,53,0.916340335,3.753639418,0.849056604,3.773584906,0
48,0.351351351,0.132147662,0,37,0.438276114,0.222222222,0.972972973,4.72972973,0
49,0.142857143,0.23963096,0,7,0.979591837,0.166666667,0.571428571,4.428571429,1
50,0.75,0.005964432,0,8,1.1875,0.25,1,3.25,1
51,0.173913043,0.140880773,0,23,0.982986767,0.523809524,0.695652174,4.130434783,0
52,0.095238095,0.198602023,0,63,0.806248425,0.984126984,0.904761905,4.365079365,0
53,0.142857143,0.326476008,0,42,0.790249433,0.257142857,1,4.023809524,0
54,0.117647059,0.206882997,0,17,0,0.352941176,0.882352941,5,1
55,1.2,0.204766586,0,15,0.88,0.533333333,1,4.266666667,1
56,0.727272727,0.081743291,0,11,1.223140496,0.454545455,1,3.909090909,1
57,1.631578947,0.132427274,0,57,1.099415205,3.737938596,0.824561404,4.175438596,0
58,0.408163265,0.238993295,0,49,1.133694294,0.409090909,1,3.918367347,0
59,0.333333333,0.314462907,0,24,1.413194444,0.260869565,1,3.708333333,0
60,0,0.237664334,0,9,1.037037037,0.333333333,1,4.222222222,1
61,0.590909091,0.239750113,0,22,1.214876033,0.666666667,1,3.363636364,0
62,0,0.129705056,0,7,0.244897959,0,0.857142857,4.857142857,1
63,0.2,0.359881376,0,25,1.184,0.217391304,1,3.8,0
64,0.081081081,0.112732868,0,37,0.894083272,1,0.837837838,4.081081081,0
65,0.272727273,0.184420785,0,11,0.826446281,0.125,1,3.636363636,1
66,0.083333333,0.115864337,0,36,0.916666667,1,0.833333333,4.083333333,0
67,0.297297297,0.219193094,0,37,0.670562454,0.242424242,0.918918919,4.27027027,0
68,0.193548387,0.257726356,0,31,0.120707596,0.258064516,0.935483871,4.935483871,0
69,0.26,0.351780946,0,50,0.4064,0.2,1,3.88,0
70,0.083333333,0.115864337,0,36,0.916666667,1,0.833333333,4.083333333,0
71,0.25,0.303560207,0,32,1.146484375,0.3,1,3.90625,0
72,0.081081081,0.115424931,0,37,0.915997078,1,0.837837838,4.108108108,0
73,0.259259259,0.108532741,0,27,0.702331962,1,0.962962963,4.407407407,0
74,0.105263158,0.143730065,0,19,0.581717452,0.125,0.842105263,4.631578947,0
75,1.2,0.136644427,0,20,0.6,0.055555556,1,4.6,0
76,0,0.231208293,0,8,0.78125,0,1,3.375,1
77,0,0.324029134,0,10,0.82,0.222222222,1,3.7,1
78,0.1875,0.216989861,0,16,0.546875,0.461538462,1,4.5625,1
79,0.078947368,0.105050364,0,38,0.921052632,1,0.815789474,4.078947368,0
80,0,0.205518482,0,9,0.740740741,0,1,3.444444444,1
81,0.265306122,0.241562988,0,49,0.5939192,0.217391304,0.979591837,4.530612245,0
82,0.4,0.219300977,0,10,0.32,0.222222222,1,4.8,1
83,0.571428571,0.064013864,0,14,0.969387755,0.428571429,1,3.928571429,1
84,0.043478261,0.251425353,0,46,0.314744802,0.358974359,0.97826087,4.804347826,0
85,0.21875,0.251145971,0,32,0.1171875,0.28125,0.9375,4.9375,0
86,0.263157895,0.119263087,0,19,0.648199446,0.210526316,0.947368421,4.526315789,0
87,1.214285714,0.210185182,0,14,0.897959184,0.5,1,4.214285714,1
88,0,0.196518102,0,10,1.04,0,1,3.3,1
89,0.454545455,0.190334678,0,11,1.603305785,0.272727273,1,2.545454545,1
90,0.230769231,0.093095609,0,13,0.958579882,0.384615385,1,3.153846154,1
91,0.290322581,0.247516504,0,31,1.019771072,0.222222222,1,3.967741935,0
92,0.25,0.200302386,0,12,0.777777778,0.111111111,1,3.666666667,1
93,0.210526316,0.194993082,0,19,0.432132964,0.352941176,1,4.684210526,0
94,0.311111111,0.156967709,0,45,0.568888889,0.23255814,0.977777778,4.6,0
95,0.727272727,0.081743291,0,11,1.223140496,0.454545455,1,3.909090909,1
96,0.125,0.243532178,0,64,0.561523438,0.218181818,0.8125,4.640625,0
97,0.111111111,0.269204117,0,9,0,0.142857143,0.444444444,5,1
98,0.114285714,0.198755161,0,35,0.313469388,0.323529412,0.742857143,4.828571429,0
99,0.176470588,0.398463035,0,34,1.019031142,0.198621554,1,4.088235294,0
100,0,0.206261077,0,9,0.987654321,0,1,3.111111111,1
101,0.283783784,0.177923162,0,74,0.805332359,0.254237288,0.824324324,4.337837838,0
102,0,0.110282196,0,3,1.777777778,0,1,3.666666667,1
103,0.6,0.164900343,0,5,1.28,0,1,4.2,1
104,0,0.325252021,0,9,1.62962963,0.375,0.888888889,3.777777778,1
105,0.166666667,0.258933735,0,6,0,0,1,5,1
106,0.081081081,0.115424931,0,37,0.915997078,1,0.837837838,4.108108108,0
107,0.159090909,0.196156393,0,44,0.544421488,0.977272727,0.863636364,4.613636364,0
108,0.272727273,0.083517322,0,11,0.859504132,0.090909091,0.727272727,3.909090909,1
109,0,0.151267915,0.561403509,6,0,0.561403509,1,5,1
110,0.5,0.086052168,0,12,0,0.416666667,0.833333333,5,1
111,0.355932203,0.190086325,0,59,0.829646653,0.254901961,0.898305085,4.355932203,0
112,0.117647059,0.170401219,0,17,0.581314879,0.071428571,0.882352941,4.647058824,1
113,0.36,0.203284877,0,50,0.4608,0.276595745,0.98,4.04,0
114,0,0.156316041,0,4,1,0.5,0,2,1
115,2.285714286,0.098661213,0,42,1.249433107,4.626180837,0.857142857,4.095238095,0
116,0.208333333,0.269439662,0,24,1.388888889,0.328756674,1,3.666666667,0
117,0.157894737,0.227358193,0,19,0.664819945,0.235294118,0.947368421,4.473684211,0
118,0,0.273087275,0,9,0.740740741,0.125,1,3.444444444,1
119,0.185185185,0.35149486,0,27,1.144032922,0.24,1,3.777777778,0
120,0.4,0.119863132,0,45,0.839506173,0.315789474,0.777777778,4.444444444,0
121,2.214285714,0.115443453,0,42,1.142857143,4.600539811,0.857142857,4.142857143,0
122,1.133333333,0.109997305,0,15,0.231111111,0.466666667,1,4.866666667,1
123,0.545454545,0.221890876,0,22,1.268595041,0.666666667,1,3.227272727,0
124,1.181818182,0.183107887,0,11,0.842975207,0.1,1,3.545454545,1
125,0,0.03636006,0,5,1.04,0.5,0,2.2,1
126,0.230769231,0.054059028,0,13,1.041420118,0.615384615,0.923076923,4.153846154,1
127,1.333333333,0.024696141,0,12,1.083333333,0.333333333,1,3.25,1
128,0.1,0.143835228,0,20,0.56,0.125,0.85,4.65,0
129,1.357142857,0.177733933,0,14,1.010204082,0.25,1,4.214285714,1
130,0.339285714,0.15840876,0,56,0.775510204,0.29787234,0.821428571,4.428571429,0
131,0.076923077,0.112427838,0,39,0.894148586,1,0.846153846,4.128205128,0
132,0.071428571,0.349948514,0,14,0,0.5,0.714285714,5,1
133,0.1875,0.26867613,0,32,0.169921875,0.25,0.9375,4.90625,0
134,0.222222222,0.312350234,0,9,1.037037037,0.570175439,1,3.555555556,1
135,1.375,0.089473153,0,16,0.1171875,0.3125,1,4.9375,1
136,0.28125,0.287731225,0,64,0.446777344,0.232142857,0.984375,4.046875,0
137,0.125,0.299114425,0,16,0.9609375,0.406015038,1,3.9375,1
138,0.5,0.068030951,0.561403509,14,0,0.312280702,1,5,1
139,0.476190476,0.173469556,0,21,1.238095238,1,1,3,0
140,0.222222222,0.117980499,0,18,0.518518519,0.235294118,1,4.611111111,0
141,1,0.098758358,0,13,0.923076923,0.846153846,0.846153846,4,1
142,0,0.114320646,1,6,0,1,1,5,1
143,0.244444444,0.102319344,0,45,0.70617284,0.977777778,0.911111111,3.888888889,0
144,0.176470588,0.253816965,0,34,0.160899654,0.242424242,0.941176471,4.911764706,0
145,0,0.231208293,0,8,0.78125,0,1,3.375,1
146,0.193548387,0.257726356,0,31,0.120707596,0.258064516,0.935483871,4.935483871,0
147,0.272727273,0.18628744,0,11,1.074380165,0.5,0.545454545,3.181818182,1
148,0.25,0.284238213,0,32,1.173828125,0.352046784,1,3.96875,0
149,0.25,0.289891853,0,12,0.958333333,0.505582137,1,3.916666667,1
150,0.133333333,0.305473326,0,15,0.426666667,0.285714286,0.866666667,4.733333333,1
151,0.526315789,0.102711021,0,19,1.102493075,0.526315789,1,3.894736842,1
152,0.222222222,0.175913154,0,18,0.37037037,0.294117647,0.944444444,4.777777778,1
153,0.214285714,0.237545501,0,14,0.408163265,0.307692308,1,4.714285714,1
154,0.444444444,0.167632952,0,9,0,0.444444444,1,5,1
155,1.066666667,0.02869246,0,15,1.04,0.4,1,3.466666667,1
156,0.311111111,0.156967709,0,45,0.568888889,0.23255814,0.977777778,4.6,0
157,0.071428571,0.129517259,0,42,0.997732426,1,0.833333333,4.047619048,0
158,0.875,0.190497495,0,8,0.21875,0.142857143,0.875,4.875,1
159,0.2,0.230261022,0,15,0.391111111,0.285714286,0.933333333,4.733333333,1
160,0.03125,0.392749206,0,32,0.060546875,0.04,0.875,4.96875,0
161,0.291666667,0.151899411,0,24,0.347222222,0.217391304,0.958333333,4.791666667,0
162,1,0.223513054,0,7,0.244897959,0.142857143,0.857142857,4.857142857,1
163,0.083333333,0.115864337,0,36,0.916666667,1,0.833333333,4.083333333,0
164,0.111111111,0.269671172,0,9,0.345679012,0.5,1,4.777777778,1
165,0.083333333,0.115864337,0,36,0.916666667,1,0.833333333,4.083333333,0
166,0,0.254055642,0,13,1.159763314,0.333333333,0.923076923,3.846153846,1
167,0.090909091,0.251076821,0,11,0.710743802,0,1,3.636363636,1
168,0.2,0.28850027,0,10,1.02,0.506822612,1,3.7,1
169,1.4,0.146469328,0,70,0.794693878,3.091882248,0.885714286,3.985714286,0
170,0.185185185,0.344107751,0,27,1.135802469,0.26245614,1,3.888888889,0
171,0.1875,0.198597902,0,16,0.46875,0.25,0.9375,4.6875,1
172,0.083333333,0.115864337,0,36,0.916666667,1,0.833333333,4.083333333,0
173,0.727272727,0.081743291,0,11,1.223140496,0.454545455,1,3.909090909,1
174,0.076923077,0.206624375,0,39,0.625904011,0.333333333,0.974358974,4.564102564,0
175,0.09375,0.194484839,0,64,0.859375,0.984375,0.90625,4.3125,0
176,0.125,0.307333215,0,16,0.75,0.357142857,1,4.25,1
177,0.125,0.100824733,0,8,0.21875,0.375,1,4.875,1
178,0.081081081,0.115424931,0,37,0.915997078,1,0.837837838,4.108108108,0
179,0,0.371995462,0,7,0.244897959,0,0.857142857,4.857142857,1
180,0.192307692,0.346039785,0,26,1.142011834,0.25,1,3.807692308,0
181,0.125,0.198406031,0,16,0.375,0.5,1,4.75,1
182,0,0.231208293,0,8,0.78125,0,1,3.375,1
183,0.125,0.311078818,0,16,0.5078125,0.384615385,0.75,4.6875,1
184,0.264705882,0.257939601,0,34,0.685121107,0.258064516,0.911764706,4.352941176,0
185,0.081081081,0.113418002,0,37,0.920379839,0.972972973,0.837837838,4.054054054,0
186,0.083333333,0.180791184,0,12,0.305555556,0.25,1,4.833333333,1
187,0.216216216,0.332818025,0,37,0.604821037,0.151515152,1,4.513513514,0
188,0.361111111,0.168224422,0,36,0.287037037,0.2,0.972222222,4.833333333,0
189,0.125,0.12616303,0,8,0,0.375,1,5,1
190,0,0.163748533,0,6,1.166666667,0.8,1,3.166666667,1
191,0.125,0.290017147,0,8,0.21875,0.375,1,4.875,1
192,0.403508772,0.230578947,0,57,1.082179132,0.42,1,3.824561404,0
193,0.233333333,0.244033993,0,30,1.013333333,0.269230769,1,3.866666667,0
194,0.172413793,0.337387452,0,29,1.105826397,0.280051982,1,3.862068966,0
195,0.8125,0.12240366,0,16,1.3359375,0.4375,1,3.9375,1
196,0.391304348,0.124841823,0,23,0.54442344,0.285714286,0.782608696,4.652173913,0
197,2.166666667,0.068632869,0,12,0,0,1,5,1
198,0.083333333,0.115864337,0,36,0.916666667,1,0.833333333,4.083333333,0
199,0.25,0.170565007,0,36,0.555555556,0.290322581,0.666666667,4.666666667,0
200,0.142857143,0.290761071,0,14,0.336734694,0.5,1,4.785714286,1
201,1.735849057,0.15541005,0,53,0.936276255,3.675438596,0.867924528,3.754716981,0
202,0.714285714,0.075407767,0,7,0,0.333333333,1,5,1
203,1.210526316,0.115957398,0,19,1.35734072,0.5,1,3.736842105,0
204,0,0.135686326,0,5,1.2,0.75,1,3,1
205,0.857142857,0.068490213,0,14,0.132653061,0.357142857,1,4.928571429,1
206,0.133333333,0.381166257,0,15,0.782222222,0.384615385,1,4.266666667,1
207,0.083333333,0.115864337,0,36,0.916666667,1,0.833333333,4.083333333,0
208,0.322580645,0.227929547,0,62,0.872528616,0.18,0.870967742,4.306451613,0
209,0.157894737,0.172299782,0,19,0.504155125,0.4375,1,4.631578947,0
210,0.083333333,0.115864337,0,36,0.916666667,1,0.833333333,4.083333333,0
211,0,0.231282577,0,8,0.78125,0,1,3.375,1
212,0.1875,0.196367535,0,16,0.21875,0.071428571,0.875,4.875,1
213,0.083333333,0.115864337,0,36,0.916666667,1,0.833333333,4.083333333,0
214,0.36,0.194884608,0,25,1.3216,1,1,3.32,0
215,0.5625,0.205194674,0,16,0.40625,0.4,1,4.75,1
216,1,0.088387931,0,13,0,0.384615385,1,5,1
217,0,0.231208293,0,8,0.78125,0,1,3.375,1
218,0,0.345842525,0,8,0.21875,0.25,0.75,4.875,1
219,0,0.222879593,0,9,0.987654321,0,1,3.111111111,1
220,0.142857143,0.115228266,0,7,0,0.428571429,1,5,1
221,0.25,0.18345187,0,16,0.546875,0.266666667,1,4.5625,1
222,0.227272727,0.172912178,0,22,0.520661157,0.315789474,1,4.590909091,0
223,0.545454545,0.016522606,0,11,1.024793388,0.363636364,1,3.545454545,1
224,1.2,0.076520963,0,15,1.253333333,0.466666667,1,3.733333333,1
225,1.2,0.076520963,0,15,1.253333333,0.466666667,1,3.733333333,1
226,0.727272727,0.081743291,0,11,1.223140496,0.454545455,1,3.909090909,1
227,0.130434783,0.212959589,0,23,0.166351607,0.606140351,0.869565217,4.913043478,0
228,0.043478261,0.258041546,0,46,0.498109641,0.341463415,0.97826087,4.630434783,0
229,0.75,0.005964432,0,8,1.1875,0.25,1,3.25,1
230,0.083333333,0.115864337,0,36,0.916666667,1,0.833333333,4.083333333,0
231,0.095238095,0.198602023,0,63,0.806248425,0.984126984,0.904761905,4.365079365,0
232,0.2,-0.021858838,0,10,0.54,0.333333333,1,3.1,1
233,0.171428571,0.232910457,0,35,0.107755102,0.242424242,0.942857143,4.942857143,0
234,0.333333333,0.110307175,0,9,1.037037037,0.333333333,0.666666667,4.222222222,1
235,0,0.222349311,1,3,0,0.561403509,1,5,1
236,0.2,0.137076687,0,20,0.49,0.210526316,0.95,4.65,0
237,0.5,0.045428616,0,18,0.777777778,0.19785575,0.944444444,4.222222222,0
238,0.307692308,0.155880719,0,13,0,0.846153846,1,5,1
239,0.386363636,0.119965095,0,44,0.852272727,0.315789474,0.772727273,4.431818182,0
240,0.866666667,0.093269921,0,15,0.124444444,0.333333333,1,4.933333333,1
241,0.083333333,0.115864337,0,36,0.916666667,1,0.833333333,4.083333333,0
242,0.210526316,0.172480163,0,19,0.354570637,0.277777778,0.947368421,4.789473684,0
243,0.1875,0.261391158,0,32,0.169921875,0.28125,0.9375,4.90625,0
244,0,0.212272786,0,7,0,0,1,5,1
245,1.222222222,0.085110157,0,9,0.962962963,0.444444444,1,3.333333333,1
246,0.083333333,0.280830347,0,12,0.666666667,0.090909091,1,3.666666667,1
247,0,0.231208293,0,8,0.78125,0,1,3.375,1
248,0.2,0.359881376,0,25,1.184,0.217391304,1,3.8,0
249,1.596491228,0.186364529,0,57,0.886426593,3.459236326,0.877192982,3.789473684,0
250,0.428571429,0.022820231,0,7,1.06122449,0.142857143,1,3.571428571,1
251,0.75,0.005964432,0,8,1.1875,0.25,1,3.25,1
252,0.142857143,0.222473903,0,14,0,0.5,0.785714286,5,1
253,0.727272727,0.081743291,0,11,1.223140496,0.454545455,1,3.909090909,1
254,0.290322581,0.275989786,0,62,0.412591051,0.240740741,0.983870968,4.016129032,0
255,0.25,0.18437614,0,24,0.555555556,0.45,0.958333333,4.583333333,0
256,0.111111111,0.116768887,0,36,0.916666667,1,0.833333333,4.083333333,0
257,0,0.242659002,0,9,0.814814815,0,1,3.555555556,1
258,0.159090909,0.196156393,0,44,0.544421488,0.977272727,0.863636364,4.613636364,0
259,0.238095238,0.166202034,0,21,0.530612245,0.333333333,1,4.571428571,0
260,0.083333333,0.115864337,0,36,0.916666667,1,0.833333333,4.083333333,0
261,0.416666667,0.131805772,0,24,0.5,0.260869565,0.958333333,4.666666667,0
262,0.08,0.217058415,0,25,0.7616,0.19047619,0.96,4.44,0
263,0,0.282241811,0,7,0.408163265,0.5,1,4.714285714,1
264,0.083333333,0.115864337,0,36,0.916666667,1,0.833333333,4.083333333,0
265,0.259259259,0.167563952,0,27,0.606310014,0.409090909,0.962962963,4.518518519,0
266,0.292307692,0.147330392,0,65,0.965680473,0.245283019,0.784615385,4.215384615,0
267,0.193548387,0.257726356,0,31,0.120707596,0.258064516,0.935483871,4.935483871,0
268,0.083333333,0.115864337,0,36,0.916666667,1,0.833333333,4.083333333,0
269,0,0.231208293,0,8,0.78125,0,1,3.375,1
270,0.176470588,0.155431434,0,17,0.359861592,0.235294118,0.941176471,4.764705882,1
271,1.125,0.054312865,0,16,1.3671875,0.5,1,3.5625,1
272,1.75,0.183953956,0,52,0.949704142,3.920467836,0.865384615,3.692307692,0
273,0.193548387,0.257726356,0,31,0.120707596,0.258064516,0.935483871,4.935483871,0
274,0.083333333,0.115864337,0,36,0.916666667,1,0.833333333,4.083333333,0
275,0.09375,0.205000728,0,64,0.80078125,0.984375,0.90625,4.359375,0
276,0.37037037,0.195577394,0,54,0.518518519,0.265306122,0.981481481,4,0
277,0.083333333,0.115864337,0,36,0.916666667,1,0.833333333,4.083333333,0
278,0.137931034,0.142272023,0,29,0.247324614,0.24137931,0.931034483,4.862068966,0
279,0.350877193,0.213043911,0,57,0.509695291,0.26,0.98245614,3.947368421,0
280,0.351351351,0.132147662,0,37,0.438276114,0.222222222,0.972972973,4.72972973,0
281,0.078947368,0.112765247,0,38,0.894736842,1,0.842105263,4.105263158,0
282,0.266666667,0.293391598,0,30,1.22,0.321428571,1,3.9,0
283,0,0.163559047,0,12,0.611111111,0.3,0.75,4.666666667,1
284,0.076923077,0.302772934,0,13,0,0.142857143,1,5,1
285,0.047619048,0.275605509,0,21,0.544217687,0.166666667,0.952380952,4.428571429,0
286,1.414285714,0.146520014,0,70,0.8,3.108831401,0.885714286,4,0
287,0.178571429,0.331114437,0,28,1.112244898,0.192307692,1,3.928571429,0
288,0.083333333,0.115864337,0,36,0.916666667,1,0.833333333,4.083333333,0
289,0.294117647,0.167285815,0,68,0.836937716,0.263157895,0.808823529,4.367647059,0
290,0.083333333,0.115864337,0,36,0.916666667,1,0.833333333,4.083333333,0
291,0.111111111,0.412632049,0,27,0.137174211,0.04,0.814814815,4.925925926,0
292,0.25,0.20410931,0,8,0.375,0.25,1,4.75,1
293,0.1,0.468979973,0,10,0.18,0.2,1,4.9,1
294,0,0.324029134,0,10,0.82,0.222222222,1,3.7,1
295,0.083333333,0.115864337,0,36,0.916666667,1,0.833333333,4.083333333,0
296,0.083333333,0.115864337,0,36,0.916666667,1,0.833333333,4.083333333,0
297,0.358490566,0.12711269,0,53,0.768956924,0.261904762,0.773584906,4.490566038,0
298,0.142857143,0.267954211,0,21,0.770975057,0.15,0.857142857,4.19047619,0
299,0.777777778,0.09660379,0,18,0.419753086,0.388888889,1,4.777777778,0
300,0.161290323,0.297197471,0,31,0.640998959,0.193548387,0.967741935,4.290322581,0
301,0.764705882,0.101546142,0,17,0,0.352941176,1,5,1
302,0.125,0.171936712,0,16,0.609375,0.071428571,0.875,4.625,1
303,0.125,0.236379397,0,16,0.21875,0.428571429,0.8125,4.875,1
304,0.083333333,0.115864337,0,36,0.916666667,1,0.833333333,4.083333333,0
305,1.058823529,0.107307189,0,17,1.190311419,0.411764706,1,3.588235294,1
306,0.703703704,0.241228284,0,27,1.314128944,0.576923077,1,3.481481481,0
307,0,0.06995232,1,3,0,0,1,5,1
308,0.076923077,0.122752865,0,39,0.911242604,0.974358974,0.846153846,4.153846154,0
309,0.348837209,0.26320353,0,43,0.547322877,0.219512195,1,3.720930233,0
310,0.272727273,0.270551737,0,11,0.94214876,0.556140351,1,3.545454545,1
311,0.083333333,0.133037204,0,12,1.111111111,0.2,0.916666667,3.666666667,1
312,0.266666667,0.252522376,0,15,0.8,0.2,0.866666667,4,1
313,0.076923077,0.16688417,0,13,0.390532544,0.230769231,1,4.769230769,1
314,0,0.213478957,0,7,0,0,1,5,1
315,0,0.204815456,0,12,0.666666667,0.363636364,1,3.333333333,1
316,0.071428571,0.280512554,0,14,0.448979592,0.363636364,0.785714286,4.714285714,1
317,0.083333333,0.115864337,0,36,0.916666667,1,0.833333333,4.083333333,0
318,0.142857143,0.288011087,0,7,0.244897959,0.285714286,1,4.857142857,1
319,0.285714286,0.299120347,0,7,0.244897959,0.142857143,0.857142857,4.857142857,1
320,0.177777778,0.227141164,0,45,0.4,0.11627907,0.955555556,4,0
321,0.16,0.156228315,0,25,0.8864,0.16,0.88,3.76,0
322,0.384615385,0.18365818,0,13,1.763313609,0.350877193,1,2.923076923,1
323,1.139534884,0.168117551,0,86,0.817739319,2.697368421,0.895348837,4.023255814,0
324,0.444444444,0.209883357,0,9,0.345679012,0.222222222,1,4.777777778,1
325,0.0625,0.166990003,0,16,0.46875,0.071428571,0.9375,4.75,1
326,0.185185185,0.367007892,0,27,1.102880658,0.2,1,3.814814815,0
327,0.210526316,0.118787449,0,19,0.188365651,0.368421053,0.947368421,4.894736842,0
328,0.230769231,0.218156198,0,13,0.426035503,0.333333333,1,4.692307692,1
329,0.048387097,0.115516851,0,62,0.561914672,0.903225806,0.903225806,4.032258065,0
330,0.083333333,0.115864337,0,36,0.916666667,1,0.833333333,4.083333333,0
331,0,0.231208293,0,8,0.78125,0,1,3.375,1
332,0,0.381402857,0,21,0,0,1,5,0
333,0.666666667,-0.025677015,0,9,1.333333333,0.333333333,1,3,1
334,0.193548387,0.257726356,0,31,0.120707596,0.258064516,0.935483871,4.935483871,0
335,0.083333333,0.115864337,0,36,0.916666667,1,0.833333333,4.083333333,0
336,0,0.273087275,0,9,0.740740741,0.125,1,3.444444444,1
337,0,0.231208293,0,8,0.78125,0,1,3.375,1
338,0.15,0.085694867,0,20,0.45,0.25,0.9,4.75,0
339,0.25,0.250905818,0,8,0.375,0.285714286,1,4.75,1
340,0.628571429,0.232193524,0,35,0.293877551,0.25,0.942857143,4.828571429,0
341,0.083333333,0.257836694,0,12,0,0.283891547,0.75,5,1
342,0.272727273,0.184420785,0,11,0.826446281,0.125,1,3.636363636,1
343,0.068181818,0.222826953,0,44,0.743801653,0.138888889,0.772727273,4.454545455,0
344,0.153846154,0.135209429,0,26,0.408284024,0.28,0.923076923,4.769230769,0
345,0.214285714,0.114321673,0,14,1.581632653,0.153846154,0.928571429,3.214285714,1
346,0.083333333,0.115864337,0,36,0.916666667,1,0.833333333,4.083333333,0
347,0.923076923,0.073758691,0,13,0,0.384615385,1,5,1
348,0.317460317,0.153797847,0,63,0.867724868,0.254901961,0.793650794,4.333333333,0
349,0.2,0.194851782,0,15,0.426666667,0.266666667,0.933333333,4.733333333,1
350,1.25,0.067156608,0,16,0,0.166666667,1,5,1
351,0.076923077,0.403355072,0,13,0.142011834,0.333333333,1,4.923076923,1
352,0.444444444,0.209883357,0,9,0.345679012,0.222222222,1,4.777777778,1
353,0.153846154,0.459726276,0,13,0.355029586,0.090909091,1,4.769230769,1
354,0,0.088423763,0,19,1.335180055,0.105263158,0.947368421,3.631578947,0
355,0.2,0.30941697,0,5,1.2,0,1,4,1
356,0.421052632,0.156297438,0,38,0.894736842,0.264705882,0.815789474,4,0
357,0.318181818,0.081019142,0,22,0.743801653,1,0.954545455,4.318181818,0
358,0.210526316,0.231927495,0,19,0.576177285,0.5625,0.947368421,4.578947368,0
359,0.083333333,0.115864337,0,36,0.916666667,1,0.833333333,4.083333333,0
360,0.103448276,0.146262446,0,29,0.497027348,0.291666667,0.896551724,4.620689655,0
361,0.8125,0.111613886,0,16,0.1171875,0.25,1,4.9375,1
362,0,0.273087275,0,9,0.740740741,0.125,1,3.444444444,1
363,0.076923077,0.295030251,0,13,0,0.676900585,0.846153846,5,1
364,0.142857143,0.237085313,0,14,0,0.461538462,0.785714286,5,1
365,0.5,0.130756448,0,36,0.972222222,0.028571429,0.972222222,4.027777778,0
366,0.2,0.013404846,0,5,1.6,0.4,0.8,3,1
367,0.081081081,0.115424931,0,37,0.915997078,1,0.837837838,4.108108108,0
368,0.176470588,0.215173986,0,17,0.110726644,0.133333333,0.882352941,4.941176471,1
369,0.083333333,0.300788969,0,12,0.791666667,0.111111111,0.833333333,3.916666667,1
370,0.272727273,0.055875544,0,11,0.859504132,0.181818182,0.727272727,3.909090909,1
371,0.166666667,0.397650364,0,30,1.066666667,0.321428571,1,4,0
372,0.125,0.14672317,0,8,0,0.375,1,5,1
373,0.301587302,0.161619155,0,63,0.866717057,0.25,0.793650794,4.317460317,0
374,0.208333333,0.27775016,0,24,1.361111111,0.304347826,1,3.541666667,0
375,0.304347826,0.068898575,0,23,0.816635161,1,0.956521739,4.217391304,0
376,0.1875,0.146142176,0,16,0.375,0.25,1,4.75,1
377,0.214285714,0.275510542,0,28,1.051020408,0.25,1,3.785714286,0
378,0.357142857,0.262829995,0,42,0.563492063,0.225,1,3.833333333,0
379,0.083333333,0.115864337,0,36,0.916666667,1,0.833333333,4.083333333,0
380,0.25,0.164578225,0,24,0.833333333,0.173913043,0.875,3.833333333,0
381,0.172413793,0.357569747,0,29,1.139120095,0.153846154,1,3.724137931,0
382,0.6,0.245788927,0,20,1.2,0.684210526,1,3.25,0
383,0.25,0.20410931,0,8,0.375,0.25,1,4.75,1
384,0.133333333,0.252939653,0,15,0.391111111,0.538461538,1,4.733333333,1
385,0.078947368,0.118846981,0,38,0.914127424,1,0.815789474,4.131578947,0
386,0.083333333,0.115864337,0,36,0.916666667,1,0.833333333,4.083333333,0
387,0.833333333,0.095268646,0,18,0.345679012,0.277777778,1,4.777777778,0
388,0.428571429,0.176724764,0,21,1.206349206,1,1,2.952380952,0
389,0.75,0.197023307,1,8,0,1,1,5,1
390,0.095238095,0.198602023,0,63,0.806248425,0.984126984,0.904761905,4.365079365,0
391,0,0.231208293,0,8,0.78125,0,1,3.375,1
392,0,0.231282577,0,8,0.78125,0,1,3.375,1
393,0.162790698,0.26783894,0,43,0.744186047,0.25,1,4,0
394,0.153846154,0.242531053,0,13,0,0.5,0.769230769,5,1
395,0.083333333,0.115864337,0,36,0.916666667,1,0.833333333,4.083333333,0
396,0.444444444,0.209883357,0,9,0.345679012,0.222222222,1,4.777777778,1
397,0.2,0.011501001,0,5,0.32,0.6,0,1.2,1
398,0.25,0.164558372,0,56,0.551020408,0.211538462,0.928571429,4.142857143,0
399,0.5,0.292886721,0,8,0.21875,0.25,1,4.875,1
400,0.153846154,0.161941848,0,13,0.532544379,0.363636364,1,4.615384615,1
401,0.5,0.210653872,0,8,0,0.375,1,5,1
402,0.25,0.119600124,0,12,0.5,0.181818182,1,4.5,1
403,0.176470588,0.24347147,0,17,0.44982699,0.25,0.941176471,4.705882353,1
404,0.5,0.153308014,0,6,1.666666667,0.333333333,1,3,1
405,0.545454545,0.214221092,0,11,0.925619835,0.363636364,1,4.272727273,1
406,0.153846154,0.132789188,0,13,0.568047337,0.666666667,0.923076923,4.692307692,1
407,0.333333333,-0.026474386,0,3,1.111111111,0.5,0.333333333,2.333333333,1
408,0.2,0.134963308,0,15,0.391111111,0.266666667,1,4.733333333,1
409,0.078947368,0.112765247,0,38,0.894736842,1,0.842105263,4.105263158,0
410,0.222222222,0.215214894,0,9,0.345679012,0.25,1,4.777777778,1
411,0.090909091,0.198911713,0,66,0.789715335,0.96969697,0.909090909,4.393939394,0
412,0.1,0.101772065,0,10,1,0.5,0.4,3,1
413,0.272727273,0.094786478,0,11,0,0.4,1,5,1
414,0.153846154,0.291979616,0,39,0.631163708,0.222222222,0.974358974,4.230769231,0
415,0,0.231208293,0,8,0.78125,0,1,3.375,1
416,0.2,0.308382228,0,10,1.02,0.506822612,1,3.7,1
417,0.133333333,0.383950242,0,15,0.933333333,0.463450292,1,3.8,1
418,0.727272727,0.081743291,0,11,1.223140496,0.454545455,1,3.909090909,1
419,0.555555556,0.088161023,0,27,0.932784636,1,0.851851852,4.37037037,0
420,1.058823529,0.07950994,0,17,1.211072664,0.470588235,1,3.411764706,1
421,0.25,0.20410931,0,8,0.375,0.25,1,4.75,1
422,0.081081081,0.115424931,0,37,0.915997078,1,0.837837838,4.108108108,0
423,0.571428571,0.244145097,0,7,0,0,1,5,1
424,0.230769231,0.218156198,0,13,0.426035503,0.333333333,1,4.692307692,1
425,0.333333333,0.158792182,0,39,0.420775805,0.189189189,0.974358974,4.743589744,0
426,0.65,0.1901533,0,20,0.67,1,1,3.95,0
427,0.153846154,0.129127366,0,26,1.056213018,0.458333333,0.730769231,3.961538462,0
428,0.75,0.005964432,0,8,1.1875,0.25,1,3.25,1
429,0.230769231,0.107522849,0,13,1.597633136,0.166666667,0.923076923,3.076923077,1
430,0.306451613,0.154417542,0,62,0.87408949,0.254901961,0.790322581,4.322580645,0
431,0.166666667,0.22583422,0,18,0.666666667,0.25,0.944444444,4.5,0
432,0,0.231208293,0,8,0.78125,0,1,3.375,1
433,0.25,0.230057126,0,4,0.375,0,1,4.75,1
434,0.076923077,0.122752865,0,39,0.911242604,0.974358974,0.846153846,4.153846154,0
435,0.8125,0.1007227,0,16,0.21875,0.4375,1,4.875,1
436,0.377777778,0.130812963,0,45,0.847407407,0.307692308,0.777777778,4.422222222,0
437,0.090909091,0.097197587,0,11,1.024793388,0.5,0.454545455,2.909090909,1
438,0.210526316,0.128288114,0,19,0.504155125,0.222222222,1,4.631578947,0
439,0.4,0.140298367,0,10,0,0.4,1,5,1
440,0.095238095,0.198602023,0,63,0.806248425,0.984126984,0.904761905,4.365079365,0
441,0,0.276466228,0,19,0,0.222222222,0.684210526,5,1
442,0.338709677,0.205407463,0,62,0.516129032,0.264150943,0.983870968,4,0
443,0.083333333,0.115864337,0,36,0.916666667,1,0.833333333,4.083333333,0
444,0.083333333,0.115864337,0,36,0.916666667,1,0.833333333,4.083333333,0
445,1,0.115391132,0,8,1,1,1,3.5,1
446,0.2,0.194851782,0,15,0.426666667,0.266666667,0.933333333,4.733333333,1
447,1.270588235,0.161983784,0,85,0.850103806,2.682662539,0.894117647,4.023529412,0
448,0.346153846,0.191218574,0,26,1.195266272,1,1,3.230769231,0
449,0.1875,0.25953907,0,16,0.46875,0.428571429,0.875,4.6875,1
450,1.2,0.076520963,0,15,1.253333333,0.466666667,1,3.733333333,1
451,1.230769231,0.001349623,0,13,1.159763314,0.384615385,1,3.076923077,1
452,0.15625,0.157116169,0,32,0.615234375,0.290322581,0.96875,4.53125,0
453,0.25,0.150823219,0,12,1.013888889,0.111111111,1,3.416666667,1
454,0.2,0.174855877,0,30,0.7,0.214285714,0.966666667,4.3,0
455,0.076923077,0.280143448,0,13,0.828402367,0.111111111,0.846153846,3.846153846,1
456,0.214285714,0.224989697,0,14,0.408163265,0.307692308,1,4.714285714,1
457,0.4,0.210347999,0,10,0.42,0.2,1,4.7,1
458,0.75,0.005964432,0,8,1.1875,0.25,1,3.25,1
459,0.25,0.178495386,1,4,0,0.5,1,5,1
460,0.15,0.180616354,0,20,0.19,0.588235294,0.85,4.9,0
461,0.29787234,0.17802082,0,47,0.554096876,0.204545455,0.978723404,4.617021277,0
462,0,0.209184202,0,9,0.740740741,0,1,3.333333333,1
463,0.214285714,0.253428263,0,28,1.081632653,0.31505848,1,3.857142857,0
464,0.210526316,0.127774134,0,19,0.504155125,0.222222222,0.947368421,4.631578947,0
465,0.076923077,0.122752865,0,39,0.911242604,0.974358974,0.846153846,4.153846154,0
466,0.5,0.259489534,0,12,0.777777778,0.1,0.75,4.333333333,1
467,1.333333333,0.024696141,0,12,1.083333333,0.333333333,1,3.25,1
468,0.36,0.14160024,0,50,0.7904,0.318181818,0.8,4.48,0
469,0.384615385,0.199000637,0,13,1.514792899,0.307692308,1,2.692307692,1
470,0,0.366760645,0,7,0,0.446115288,0.714285714,5,1
471,1,0.063601797,0,18,1.074074074,0.444444444,1,3.777777778,1
472,0.083333333,0.115864337,0,36,0.916666667,1,0.833333333,4.083333333,0
473,0.272727273,0.241546998,0,66,0.909090909,0.188679245,0.803030303,4.318181818,0
474,1.071428571,0.109326856,0,14,0,0.214285714,1,5,1
475,0.2,0.194851782,0,15,0.426666667,0.266666667,0.933333333,4.733333333,1
476,0.333333333,0.195700904,0,12,0.5,0.333333333,0.833333333,4.666666667,1
477,0.28,0.183293028,0,25,0.8448,0.208333333,0.76,4.04,0
478,0.076923077,0.122752865,0,39,0.911242604,0.974358974,0.846153846,4.153846154,0
479,0.283333333,0.175601441,0,60,0.904444444,0.183673469,0.816666667,4.266666667,0
480,0.233333333,0.281209513,0,30,0.746666667,0.107142857,0.9,4.066666667,0
481,0.056603774,0.292804262,0,53,0.526877892,0.319148936,0.981132075,4.622641509,0
482,0.542857143,0.149889625,0,35,0.840816327,0.24137931,0.971428571,3.971428571,0
483,0.173913043,0.24076999,0,23,0.287334594,0.315789474,1,4.826086957,0
484,0.8125,0.104733983,0,16,1.515625,0.5,1,3.6875,1
485,0.111111111,0.353828839,0,9,0.345679012,0.142857143,1,4.777777778,1
486,0.142857143,0.335512328,0,14,0.734693878,0.333333333,0.928571429,3.714285714,1
487,1.209876543,0.158791271,0,81,0.839506173,2.834703947,0.888888889,4,0
488,0,0.178986056,0,6,0.444444444,0.5,0.833333333,4.666666667,1
489,0.2,0.050135494,0,5,0.64,1,0.6,3.2,1
490,0.894736842,0.242868995,0,19,1.091412742,0.526315789,1,2.894736842,1
491,0.1875,0.26867613,0,32,0.1171875,0.258064516,0.9375,4.9375,0
492,0.083333333,0.115864337,0,36,0.916666667,1,0.833333333,4.083333333,0
493,0.448979592,0.22385544,0,49,1.172844648,0.422222222,1,3.795918367,0
494,0.866666667,0.099790407,0,15,0,0.333333333,1,5,1
495,0.32,0.21468576,0,25,0.352,0.130434783,1,4.8,0
496,0.214285714,0.33178422,0,28,1.107142857,0.25,1,3.785714286,0
497,0.083333333,0.115864337,0,36,0.916666667,1,0.833333333,4.083333333,0
498,0.315789474,0.23168923,0,57,0.908587258,0.1875,0.807017544,4.280701754,0
499,0.1875,0.145531824,0,16,0.375,0.25,0.9375,4.75,1
500,0.625,0.064506275,0,8,1.125,0.445175439,0.875,3.5,1
501,0.053333333,0.133942272,1,75,0,0.90245614,1,5,0
502,0.266666667,0.252522376,0,15,0.8,0.2,0.866666667,4,1
503,1.333333333,0.154393859,1,3,0,0,0,5,1
504,0,0.341069332,0,7,0.244897959,0.2,1,4.857142857,1
505,0.263157895,0.119263087,0,19,0.648199446,0.210526316,0.947368421,4.526315789,0
506,0.571428571,0.064013864,0,14,0.969387755,0.428571429,1,3.928571429,1
507,0.833333333,0.061180508,0,6,0.277777778,0.25,0.833333333,4.833333333,1
508,0.866666667,0.086276649,0,15,0.124444444,0.333333333,1,4.933333333,1
509,0.212121212,0.183618391,0,33,0.484848485,0.96969697,0.818181818,4.666666667,0
510,0.076923077,0.260824433,0,13,1.041420118,0.1,0.846153846,3.692307692,1
511,0.25,0.20410931,0,8,0.375,0.25,1,4.75,1
512,0.181818182,0.25369627,0,33,0.319559229,0.242424242,0.909090909,4.818181818,0
513,0.083333333,0.115864337,0,36,0.916666667,1,0.833333333,4.083333333,0
514,0.409090909,0.163699935,0,22,1.173553719,1,1,2.863636364,0
515,0.090909091,0.251076821,0,11,0.710743802,0,1,3.636363636,1
516,0.185185185,0.344107751,0,27,1.135802469,0.26245614,1,3.888888889,0
517,0.55,0.19599391,0,40,1.235,0.305555556,0.975,3.725,0
518,0.133333333,0.174669954,0,15,0.124444444,0.384615385,1,4.933333333,1
519,0.260869565,0.107273539,0.561403509,23,0,0.625,1,5,0
520,0.090909091,0.351542378,0,22,0.909090909,0.393188854,1,4,0
521,0.705882353,0.271135819,0,17,1.024221453,0.529411765,1,2.941176471,1
522,0.545454545,0.016522606,0,11,1.024793388,0.363636364,1,3.545454545,1
523,0.333333333,0.199658777,0,60,0.740555556,0.270833333,0.833333333,4.483333333,0
524,0.083333333,0.115864337,0,36,0.916666667,1,0.833333333,4.083333333,0
525,0.318181818,0.081019142,0,22,0.743801653,1,0.954545455,4.318181818,0
526,0.16,0.179988313,0,25,0.32,0.4,0.92,4.8,0
527,0.083333333,0.115864337,0,36,0.916666667,1,0.833333333,4.083333333,0
528,0.266666667,0.228199262,0,60,0.55,0.277777778,0.916666667,4.633333333,0
529,0.159090909,0.196156393,0,44,0.544421488,0.977272727,0.863636364,4.613636364,0
530,0.307692308,0.316482891,0,13,0.733727811,0.426900585,0.769230769,3.923076923,1
531,0.086956522,0.265136737,0,23,0.34026465,0.368421053,1,4.782608696,0
532,0.2,0.194851782,0,15,0.426666667,0.266666667,0.933333333,4.733333333,1
533,0,0.273087275,0,9,0.740740741,0,1,3.444444444,1
534,0.142857143,0.269710038,0,7,1.020408163,0,1,4.285714286,1
535,0.083333333,0.115864337,0,36,0.916666667,1,0.833333333,4.083333333,0
536,0.076923077,0.319420772,0,13,0.698224852,0.166666667,1,3.846153846,1
537,0.166666667,0.279788741,0,6,1.111111111,0.2,1,4.166666667,1
538,0,0.191266705,0,19,0.487534626,0.0625,1,4.578947368,0
539,0.384615385,0.188589367,0,26,1.227810651,1,1,3.269230769,0
540,0.571428571,0.263042746,0,21,1.183673469,0.7,1,3.285714286,0
541,0,0.288973669,0,18,0.345679012,0.411764706,1,4.777777778,0
542,0.222222222,0.312350234,0,9,1.037037037,0.570175439,1,3.555555556,1
543,0.409090909,0.225847905,0,44,0.917355372,0.2,0.909090909,4.159090909,0
544,0,0.231208293,0,8,0.78125,0,1,3.375,1
545,0.1875,0.414183385,0,32,1.029296875,0.153846154,1,4.03125,0
546,0.214285714,0.266435467,0,14,0.448979592,0.384615385,0.928571429,4.714285714,1
547,0.923076923,0.075553668,0,13,1.136094675,0.538461538,0.923076923,3.846153846,1
548,0.428571429,0.270597573,0,14,1.785714286,0.285714286,1,3.071428571,1
549,1.361111111,0.149688621,0,72,0.810185185,3.074933095,0.888888889,4.027777778,0
550,0.133333333,0.251903649,0,15,0.462222222,0.538461538,0.8,4.733333333,1
551,0.2,0.359881376,0,25,1.184,0.217391304,1,3.8,0
552,0.214285714,0.166110233,0,14,0,0.166666667,0.928571429,5,1
553,0,0.13423553,0,23,0,0.782608696,0.956521739,5,0
554,0.095238095,0.198602023,0,63,0.806248425,0.984126984,0.904761905,4.365079365,0
555,0.090909091,0.117038253,0,11,1.107438017,0.4,0.363636364,3.181818182,1
556,0.15625,0.381980807,0,32,1.0546875,0.352046784,1,4.0625,0
557,0.111111111,0.097539519,0,9,1.703703704,0.444444444,0.555555556,2.444444444,1
558,0.222222222,0.205267141,0,9,0.444444444,0.222222222,1,4.666666667,1
559,0.339622642,0.239115539,0,53,0.934140263,0.2,0.886792453,4.226415094,0
560,0.081081081,0.121064754,0,37,0.915997078,1,0.810810811,4.108108108,0
561,1.2,0.076520963,0,15,1.253333333,0.466666667,1,3.733333333,1
562,0.125,0.22862236,0,16,0.1171875,0.071428571,0.8125,4.9375,1
563,0,0.231282577,0,8,0.78125,0,1,3.375,1
564,0.383333333,0.22770541,0,60,0.638888889,0.228070175,1,4.166666667,0
565,1.568965517,0.222736231,0,58,0.831153389,3.753639418,0.879310345,3.75862069,0
566,1.318181818,0.228831324,0,22,1.26446281,0.619047619,1,3.409090909,0
567,1.333333333,0.024696141,0,12,1.083333333,0.333333333,1,3.25,1
568,0.454545455,0.096348514,0,11,0,0.4,1,5,1
569,0.1,0.270528117,0,20,0.51,0.052631579,0.8,4.7,0
570,0.396825397,0.198990835,0,63,1.02292769,0.375,0.984126984,4.079365079,0
571,0.114285714,0.119991439,0,35,0.303673469,0.352941176,0.942857143,4.828571429,0
572,1.266666667,0.158593337,0,15,0.977777778,0.25,1,4.266666667,1
573,0.25,0.24583911,0,4,0.375,0,1,4.75,1
574,0.153846154,0.259433725,0,13,0.426035503,0.545454545,1,4.692307692,1
575,0.111111111,0.063309294,0,9,1.037037037,0.375,0.333333333,2.666666667,1
576,0.727272727,0.13559856,0,11,0.991735537,1,1,4.090909091,1
577,0.081081081,0.115424931,0,37,0.915997078,1,0.837837838,4.108108108,0
578,0.636363636,0.126651848,0,33,0.848484848,0.21875,0.787878788,4.333333333,0
579,0.105263158,0.229739264,0,19,0.487534626,0.133333333,0.842105263,4.578947368,1
580,0.037037037,0.229523699,0,27,0.07133059,0.25,0.962962963,4.962962963,0
581,0,0.374051796,0,11,0.396694215,0.1,1,4.727272727,1
582,0.6,0.245788927,0,20,1.2,0.684210526,1,3.25,0
583,0.352941176,0.373559727,0,17,1.750865052,0.133333333,1,3.411764706,0
584,0.166666667,0.379408063,0,12,0.875,0.363636364,1,4.25,1
585,0.083333333,0.115864337,0,36,0.916666667,1,0.833333333,4.083333333,0
586,0.222222222,0.187199674,0,18,0.444444444,0.235294118,1,4.666666667,0
587,0.081081081,0.115424931,0,37,0.915997078,1,0.837837838,4.108108108,0
588,0.571428571,0.073800672,0,14,1,0.5,1,4,1
589,0.15,0.180045021,0,40,0.66125,0.282051282,0.975,4.425,0
590,0.269230769,0.177366948,0,52,0.544378698,0.229166667,0.942307692,4.115384615,0
591,0.063829787,0.135701452,0,47,0.895427795,1,0.808510638,3.936170213,0
592,0.153846154,0.242531053,0,13,0,0.5,0.769230769,5,1
593,0.888888889,0.095815141,0,18,0.104938272,0.2,1,4.944444444,1
594,3.666666667,0.086838366,1,3,0,0,1,5,1
595,0.283950617,0.196821973,0,81,0.764517604,0.213114754,0.814814815,4.456790123,0
596,0.36,0.141386855,0,50,0.8184,0.292682927,0.8,4.38,0
597,0.125,0.242135172,0,8,0,0,1,5,1
598,0.129032258,0.293514775,0,31,0.811654527,0.172413793,0.806451613,4.161290323,0
599,0.311111111,0.156967709,0,45,0.568888889,0.23255814,0.977777778,4.6,0
600,0.338235294,0.186376493,0,68,0.778546713,0.218181818,0.882352941,4.411764706,0
601,0.695652174,0.101958974,0,23,0.793950851,0.347826087,0.956521739,4.391304348,0
602,1.125,0.099592172,0,16,0.3046875,0.375,1,4.8125,1
603,0.206896552,0.244009874,0,29,1.060642093,0.24,1,3.896551724,0
604,0.081081081,0.115424931,0,37,0.915997078,1,0.837837838,4.108108108,0
605,0.083333333,0.115864337,0,36,0.916666667,1,0.833333333,4.083333333,0
606,0.083333333,0.164310862,0,12,0.791666667,0,1,3.916666667,1
607,0.25,0.171752153,0,12,0.819444444,0.125,1,3.583333333,1
608,0.090909091,0.32788504,0,11,0.495867769,0.2,1,4.727272727,1
609,0,0.186113292,0,12,1.416666667,0.25,0.666666667,2.75,1
610,0.2,0.054943576,0,5,0,0.8,1,5,1
611,0,0.206261077,0,9,0.987654321,0,1,3.111111111,1
612,0.1,0.312431638,0,20,0.585,0.266666667,0.8,4.55,0
613,0.287671233,0.275602333,0,73,0.548695815,0.265625,0.98630137,3.876712329,0
614,0.608695652,0.237295112,0,23,1.236294896,0.590909091,1,3.434782609,0
615,0.65,0.132852304,0,20,0.27,0.25,1,4.85,0
616,0,0.231208293,0,8,0.78125,0,1,3.375,1
617,0.222222222,0.205267141,0,9,0.444444444,0.222222222,1,4.666666667,1
618,1.38028169,0.148828909,0,71,0.788732394,3.091882248,0.887323944,4,0
619,0,0.135686326,0,5,1.2,0.75,1,3,1
620,0.866666667,0.130303488,0,15,1.377777778,0.466666667,1,3.866666667,1
621,0.5,0.134783849,0,8,1.0625,0.875,0.875,2.75,1
622,0.095238095,0.198602023,0,63,0.806248425,0.984126984,0.904761905,4.365079365,0
623,0.5,0.132621052,0,18,0.104938272,0.777777778,0.888888889,4.944444444,1
624,0.041666667,0.076914727,0,24,1.222222222,0.198321892,0.958333333,3.666666667,0
625,0.24137931,0.244656561,0,29,1.05588585,0.291666667,1,3.75862069,0
626,0.078947368,0.11212404,0,38,0.947368421,1,0.815789474,4.052631579,0
627,0.095238095,0.198602023,0,63,0.806248425,0.984126984,0.904761905,4.365079365,0
628,1.428571429,0.236506998,0,21,1.183673469,0.65,1,3.285714286,0
629,0.227272727,0.139617859,0,22,0.698347107,0.19047619,0.954545455,4.409090909,0
630,0.1875,0.26867613,0,32,0.1171875,0.28125,0.9375,4.9375,0
631,0.142857143,0.097357095,0,7,0.489795918,0,1,4.428571429,1
632,0.222222222,0.188391298,0,18,0.444444444,0.375,1,4.666666667,0
633,0.2,0.391445976,0,10,1.28,0.25,1,3.1,1
634,0.055555556,0.257688073,0,18,0.104938272,0.333333333,0.777777778,4.944444444,1
635,0.733333333,0.161720565,0,15,0.248888889,1,1,4.866666667,1
636,0,0.231208293,0,8,0.78125,0,1,3.375,1
637,0.083333333,0.115864337,0,36,0.916666667,1,0.833333333,4.083333333,0
638,0.181818182,0.191294567,0,22,0.52892562,0.526315789,0.954545455,4.636363636,0
639,0.133333333,0.168176852,0,15,0.231111111,0.076923077,0.866666667,4.866666667,1
640,0.12195122,0.213349004,0,41,0.45687091,0.289473684,0.780487805,4.707317073,0
641,0.342105263,0.280050641,0,38,0.439058172,0.236842105,1,3.868421053,0
642,0.125,0.22862236,0,16,0.21875,0.142857143,0.875,4.875,1
643,0,0.292705222,0,9,0,0.25,1,5,1
644,0.142857143,0.268644487,0,14,0.132653061,0.461538462,0.785714286,4.928571429,1
645,0.227272727,0.280576228,0,22,1.438016529,0.285714286,1,3.545454545,0
646,0,0.247251179,0,9,0.740740741,0,1,3.444444444,1
647,0.6,0.245788927,0,20,1.2,0.684210526,1,3.25,0
648,0.142857143,0.275874633,0,14,0.408163265,0.5,1,4.714285714,1
649,0.214285714,0.154729684,0,14,1.071428571,0.384615385,0.642857143,3.071428571,1
650,0.081081081,0.115424931,0,37,0.915997078,1,0.837837838,4.108108108,0
651,0.210526316,0.194479102,0,19,0.432132964,0.352941176,0.947368421,4.684210526,0
652,0.06,0.209020074,0,50,0.868,0.131578947,0.8,4.3,0
653,0.153846154,0.355903641,0,13,0.852071006,0.363636364,1,4.307692308,1
654,0.095238095,0.198602023,0,63,0.806248425,0.984126984,0.904761905,4.365079365,0
655,0,0.270680363,0,10,0,0.3,1,5,1
656,0.083333333,0.115864337,0,36,0.916666667,1,0.833333333,4.083333333,0
657,0.081081081,0.115424931,0,37,0.915997078,1,0.837837838,4.108108108,0
658,0.08,0.231905289,0,50,0.72,0.131578947,0.8,4.4,0
659,0.875,0.113666206,0,8,0.46875,0.625,1,4.625,1
660,0.117647059,0.258845772,0,17,0,0.507675439,0.823529412,5,1
661,2.333333333,0.08055996,0,39,1.183431953,4.849217639,0.846153846,4.076923077,0
662,3.185185185,0.134953638,0,27,1.497942387,6.976842105,0.703703704,3.888888889,0
663,0.222222222,0.19739526,0,18,0.518518519,0.235294118,0.944444444,4.611111111,1
664,0,0.231208293,0,8,0.78125,0,1,3.375,1
665,0,0.093191539,1,2,0,0,1,5,1
666,0.125,0.113937119,0,8,0.21875,0.375,1,4.875,1
667,0.2,0.359881376,0,25,1.184,0.217391304,1,3.8,0
668,0.615384615,0.084848519,0,13,1.278106509,0.461538462,1,3.461538462,1
669,0.272727273,0.228522043,0,33,0.573002755,0.166666667,1,4.606060606,0
670,0.125,0.083195673,0,8,1.15625,0.375,0.375,2.875,1
671,0.205882353,0.16275233,0,34,1.027681661,0.032258065,0.911764706,4.205882353,0
672,1.784313725,0.175636992,0,51,0.938869666,3.835240275,0.862745098,3.745098039,0
673,0.222222222,0.14563394,0,27,0.301783265,0.4,0.925925926,4.814814815,0
674,0.06122449,0.21858535,0,49,0.699708455,0.146341463,0.795918367,4.510204082,0
675,0.227272727,0.172468286,0,22,0.520661157,0.315789474,0.954545455,4.590909091,0
676,0.090909091,0.251076821,0,11,0.710743802,0,1,3.636363636,1
677,0.136363636,0.318315164,0,44,0.804752066,0.285443338,1,4.068181818,0
678,0.317073171,0.185101849,0,41,0.586555622,1,0.951219512,4.585365854,0
679,0.684210526,0.200057287,0,19,0.703601108,1,1,3.947368421,0
680,0.214285714,0.381847106,0,28,1.112244898,0.230769231,1,3.928571429,0
681,0.727272727,0.081743291,0,11,1.223140496,0.454545455,1,3.909090909,1
682,0.083333333,0.115864337,0,36,0.916666667,1,0.833333333,4.083333333,0
683,1.357142857,0.177733933,0,14,1.010204082,0.25,1,4.214285714,1
684,0.106382979,0.201070345,0,47,0.677229516,0.243902439,0.744680851,4.531914894,0
685,0.585365854,0.10777388,0,41,1.449137418,0.461538462,1,3.731707317,0
686,2.394736842,0.090021614,0,38,1.224376731,4.983918129,0.842105263,4.105263158,0
687,0.09375,0.197055215,0,64,0.80078125,0.984375,0.90625,4.375,0
688,0.166666667,0.311120502,0,12,0.305555556,0.333333333,1,4.833333333,1
689,0.2,0.359881376,0,25,1.184,0.217391304,1,3.8,0
690,0.222222222,0.253254665,0,9,0.345679012,0.25,1,4.777777778,1
691,0.125,0.352203203,0,8,0.375,0.571428571,1,4.75,1
692,0.2,0.257647305,0,15,0.426666667,0.384615385,0.866666667,4.733333333,1
693,0.375,0.284019167,0,8,0.21875,0.25,1,4.875,1
694,0.222222222,0.164447485,0,27,0.699588477,0.222222222,0.962962963,4.37037037,0
695,0.377358491,0.2150154,0,53,0.860804557,0.177777778,0.886792453,4.264150943,0
696,0.405405405,0.162938796,0,37,0.317019722,0.2,0.972972973,4.810810811,0
697,0.666666667,-0.049604492,0,9,1.111111111,0.333333333,1,3.333333333,1
698,0.083333333,0.115864337,0,36,0.916666667,1,0.833333333,4.083333333,0
699,0.214285714,0.198280881,0,14,0.448979592,0.307692308,0.928571429,4.714285714,1
700,0.125,0.364569014,0,16,0.921875,0.42780027,1,3.875,1
701,0.35,0.18890198,0,40,0.2625,0.166666667,0.975,4.85,0
702,1,0.033918573,0,5,0.32,0.333333333,0.8,4.8,1
703,0.666666667,0.113779758,0,27,0.941015089,0.217391304,0.962962963,3.962962963,0
704,0.25,0.173299414,0,16,0.21875,0.071428571,0.875,4.875,1
705,0.181818182,0.150512126,0,22,0.165289256,0.318181818,0.909090909,4.909090909,0
706,0.75,0.005964432,0,8,1.1875,0.25,1,3.25,1
707,0.736842105,0.111875872,0,19,0.398891967,0.315789474,1,4.789473684,0
708,0.666666667,0.121276563,0.561403509,9,0,0.666666667,1,5,1
709,0.291666667,0.20116766,0,72,0.810185185,0.24137931,0.819444444,4.416666667,0
710,0.1875,0.19108686,0,16,0.40625,0.266666667,0.875,4.75,1
711,0.245614035,0.245801225,0,57,0.629732225,0.235294118,0.98245614,4.456140351,0
712,0,0.231208293,0,8,0.78125,0,1,3.375,1
713,0.083333333,0.115864337,0,36,0.916666667,1,0.833333333,4.083333333,0
714,0.347826087,0.135775831,0,23,0.502835539,0.285714286,0.782608696,4.695652174,0
715,0.157894737,0.192136638,0,19,0.199445983,0.588235294,0.842105263,4.894736842,1
716,0.625,0.255016198,0,8,1.25,0.25,1,4,1
717,0.083333333,0.115864337,0,36,0.916666667,1,0.833333333,4.083333333,0
718,0.306451613,0.154417542,0,62,0.87408949,0.254901961,0.790322581,4.322580645,0
719,0.071428571,0.340042083,0,14,0.653061224,0.230769231,1,3.857142857,1
720,0.386363636,0.119965095,0,44,0.852272727,0.315789474,0.772727273,4.431818182,0
721,0.083333333,0.115864337,0,36,0.916666667,1,0.833333333,4.083333333,0
722,0.666666667,0.033751693,0,12,1.125,0.5,1,3.916666667,1
723,0.8125,0.105057693,0,16,0.1171875,0.25,1,4.9375,1
724,1.357142857,0.177733933,0,14,1.010204082,0.25,1,4.214285714,1
725,0.75,0.005964432,0,8,1.1875,0.25,1,3.25,1
726,0,0.271205357,0,7,0,0.333333333,1,5,1
727,0.351351351,0.132147662,0,37,0.438276114,0.222222222,0.972972973,4.72972973,0
728,0.083333333,0.115864337,0,36,0.916666667,1,0.833333333,4.083333333,0
729,0.222222222,0.25193024,0,27,1.086419753,0.304347826,1,3.777777778,0
730,0.235294118,0.19054644,0,17,0.532871972,0.25,0.941176471,4.588235294,1
731,0,0.392949459,0,8,0,0.390350877,0.5,5,1
732,0.625,0.100529136,0,8,0,0.390350877,1,5,1
733,0,0.349855497,0,11,0.760330579,0.3,1,3.727272727,1
734,0.181818182,0.293825928,0,11,0.991735537,0.456140351,1,3.818181818,1
735,0.230769231,0.273273294,0,13,0.923076923,0.505582137,1,4,1
736,0.684210526,0.13984453,0,19,0.199445983,0.263157895,1,4.894736842,0
737,0.153846154,0.244275908,0,13,0.816568047,0.5,1,3.769230769,1
738,0.073170732,0.119544512,0,41,0.88994646,0.975609756,0.853658537,4.170731707,0
739,0.4375,0.093861207,0,16,0.96875,0.384615385,0.8125,3.625,1
740,0.6,0.163950934,0,5,0,0,1,5,1
741,0.142857143,0.228141622,0,14,0.132653061,0.461538462,0.785714286,4.928571429,1
742,0.4,0.164077079,0,10,1,0.8,0.9,3,1
743,0.36,0.194884608,0,25,1.3216,1,1,3.32,0
744,0.081081081,0.129168521,0,37,0.894083272,1,0.837837838,4.081081081,0
745,0.063829787,0.217199091,0,47,0.811226799,0.135135135,0.787234043,4.404255319,0
746,0.386363636,0.119965095,0,44,0.852272727,0.315789474,0.772727273,4.431818182,0
747,0.333333333,0.14248584,0,18,0.691358025,0.125,0.833333333,4.555555556,1
748,0.303030303,0.222193856,0,66,0.848943985,0.173076923,0.803030303,4.348484848,0
749,0.666666667,-0.025677015,0,9,1.333333333,0.333333333,1,3,1
750,1.523809524,0.107092174,0,21,0.090702948,0.368421053,0.666666667,4.952380952,1
751,0.066666667,0.191522468,0,30,0.693333333,0,0.933333333,4.566666667,0
752,0,0.470354208,0,7,0,0.333333333,1,5,1
753,0.510204082,0.134547194,0,49,1.304456476,0.425531915,1,3.775510204,0
754,0.162790698,0.24279282,0,43,0.088696593,0.261904762,0.953488372,4.953488372,0
755,0.471698113,0.125534695,0,53,0.79743681,0.355555556,0.811320755,4.471698113,0
756,0,0.231208293,0,8,0.78125,0,1,3.375,1
757,0.1,0.177734877,0,10,0.48,0.2,1,4.6,1
758,0.361702128,0.11236281,0,47,1.015844273,0.3,0.765957447,4.276595745,0
759,0.8125,0.107088785,0,16,0.1171875,0.3125,1,4.9375,1
760,0.083333333,0.115864337,0,36,0.916666667,1,0.833333333,4.083333333,0
761,0.181818182,0.287061169,0,11,0.991735537,0.456140351,1,3.818181818,1
762,0.6,0.245788927,0,20,1.2,0.684210526,1,3.25,0
763,0.111111111,0.36747023,0,9,0.345679012,0.5,1,4.777777778,1
764,0,0.215653957,0,9,0.814814815,0,1,3.555555556,1
765,0.083333333,0.115864337,0,36,0.916666667,1,0.833333333,4.083333333,0
766,0.125,0.056902582,0,8,1.0625,0.428571429,0.25,2.75,1
767,0.351351351,0.132147662,0,37,0.438276114,0.222222222,0.972972973,4.72972973,0
768,0.31372549,0.180554529,0,51,0.93656286,0.23255814,0.725490196,4.176470588,0
769,1.402777778,0.143173332,0,72,0.777777778,3.091882248,0.888888889,4,0
770,0.212121212,0.242106577,0,33,0.319559229,0.258064516,0.939393939,4.818181818,0
771,0.285714286,0.298145435,0,7,0.244897959,0.285714286,1,4.857142857,1
772,1.75,0.166894302,0,52,0.914201183,3.835240275,0.865384615,3.730769231,0
773,1.2,0.076520963,0,15,1.253333333,0.466666667,1,3.733333333,1
774,0.5,0.077316497,0,16,1.140625,0.5,1,3.625,1
775,0.666666667,0.062830241,0,9,1.62962963,1,1,2.222222222,1
776,0,0.330190937,0,7,1.795918367,0.333333333,0.857142857,3.428571429,1
777,0.555555556,0.087179943,0,9,1.086419753,0.777777778,1,3.222222222,1
778,0.666666667,0.051697301,0,12,1.444444444,0.5,1,3.666666667,1
779,0.043478261,0.242672284,0,23,0.34026465,0.111111111,0.956521739,4.782608696,0
780,0.193548387,0.314019129,0,31,1.019771072,0.37037037,1,3.967741935,0
781,0.214285714,0.233371476,0,14,0.448979592,0.214285714,1,4.714285714,1
782,0.083333333,0.170857799,0,12,0.972222222,0.833333333,1,4.166666667,1
783,0.172413793,0.322939732,0,29,1.07491082,0.230769231,1,3.931034483,0
784,0.214285714,0.260551547,0,28,1.089285714,0.291666667,1,3.75,0
785,0.689655172,0.132188802,0,29,0.297265161,0.285714286,0.931034483,4.827586207,0
786,0.928571429,0.092439266,0,14,0,0.357142857,1,5,1
787,0.1875,0.252839695,0,32,0.169921875,0.25,0.9375,4.90625,0
788,0.1,0.159161713,0,10,0,0.222222222,1,5,1
789,2.333333333,-0.059990426,0,3,0.888888889,0,1,1.666666667,1
790,1.2,0.076520963,0,15,1.253333333,0.466666667,1,3.733333333,1
791,0.181818182,0.216047615,0,22,0.297520661,0.111111111,0.954545455,4.818181818,0
792,0.375,0.144978378,0,24,0.5625,0.272727273,0.791666667,4.625,0
793,0.25,0.04136567,0,8,1.15625,0.5,0.25,2.125,1
794,0.545454545,0.222379138,0,22,1.173553719,0.666666667,1,3.136363636,0
795,0.090909091,0.251076821,0,11,0.710743802,0,1,3.636363636,1
796,0.129032258,0.12049153,0,31,0.233090531,0.172413793,0.935483871,4.870967742,0
797,0.071428571,0.230258412,0,14,1.020408163,0.111111111,0.857142857,3.785714286,1
798,0.354166667,0.128971727,0,48,0.8125,0.35,0.729166667,4.458333333,0
799,0.083333333,0.115864337,0,36,0.916666667,1,0.833333333,4.083333333,0
800,0,0.466862569,0,18,0.277777778,0.0625,1,4.833333333,0
801,0.230769231,0.261619865,0,26,1.124260355,0.272727273,1,3.769230769,0
802,0.083333333,0.115864337,0,36,0.916666667,1,0.833333333,4.083333333,0
803,0.083333333,0.115864337,0,36,0.916666667,1,0.833333333,4.083333333,0
804,0.071428571,0.275573725,0,14,0.408163265,0.083333333,0.928571429,4.714285714,1
805,0.615384615,0.084848519,0,13,1.278106509,0.461538462,1,3.461538462,1
806,0.351851852,0.188678668,0,54,0.737311385,0.288888889,0.814814815,4.537037037,0
807,0,0.19630168,0,5,1.36,0,1,3.2,1
808,1.117647059,0.134810387,0,17,1.058823529,0.214285714,1,4,1
809,1,0.062381226,0,8,0.625,0.333333333,0.875,4.5,1
810,0.181818182,0.113756032,0,11,0.661157025,0.454545455,1,4.636363636,1
811,0.235294118,0.191120889,0,17,0.532871972,0.25,1,4.588235294,1
812,0.965517241,0.153210197,0,29,1.279429251,1,1,3.379310345,0
813,0,0.249703531,0,8,0,0.25,1,5,1
814,0,0.140215486,0,7,1.183673469,0,1,3.571428571,1
815,0.083333333,0.136009956,0,12,1.5,0.333333333,0.916666667,4,1
816,0.125,0.292859677,0,8,0,0.142857143,0.875,5,1
817,0.2,0.1211166,0,15,0,4.991902834,1,5,1
818,0.1875,0.26867613,0,32,0.169921875,0.25,0.9375,4.90625,0
819,0.333333333,0.184875499,0,63,0.680272109,0.25,0.80952381,4.571428571,0
820,0.615384615,0.121198767,0,13,1.195266272,0.384615385,1,3.692307692,1
821,0.1,0.200604468,0,10,0.32,0.444444444,1,4.8,1
822,0.083333333,0.164310862,0,12,0.791666667,0,1,3.916666667,1
823,0.136363636,0.248861523,0,22,0.520661157,0.5,0.818181818,4.681818182,0
824,0.777777778,0.056571723,0,9,1.62962963,1,1,2.222222222,1
825,0.444444444,0.209883357,0,9,0.345679012,0.222222222,1,4.777777778,1
826,0.311111111,0.156967709,0,45,0.568888889,0.23255814,0.977777778,4.6,0
827,0.25,0.257059571,0,8,0.21875,0.125,0.875,4.875,1
828,0.5625,0.180089253,0,16,1.5625,0.266666667,1,2.9375,1
829,0.555555556,0.14616107,0,18,1.259259259,0.5,1,3.722222222,0
830,0.083333333,0.115864337,0,36,0.916666667,1,0.833333333,4.083333333,0
831,0.272727273,0.10588515,0,11,1.520661157,0.090909091,0.909090909,3.090909091,1
832,0.923076923,0.10868958,0,13,0,0.384615385,1,5,1
833,0.181818182,0.082322857,0,11,1.20661157,0.727272727,1,2.909090909,1
834,0.166666667,0.026410758,0,6,1.111111111,0.333333333,0.5,2.666666667,1
835,0.266666667,0.232008136,0,75,0.852266667,0.175438596,0.8,4.373333333,0
836,0.117647059,0.247343027,0,17,0.110726644,0.294117647,0.705882353,4.941176471,1
837,0.6,0.245788927,0,20,1.2,0.684210526,1,3.25,0
838,0.866666667,0.112061539,0,15,0,0.266666667,1,5,1
839,0.444444444,0.209883357,0,9,0.345679012,0.222222222,1,4.777777778,1
840,0.090909091,0.064701471,0,11,1.256198347,0.363636364,0.909090909,3.727272727,1
841,0.111111111,0.242339393,0,18,0,0.507675439,0.833333333,5,1
842,0.214285714,0.224292153,0,14,0.408163265,0.307692308,0.928571429,4.714285714,1
843,1.1875,0.111478429,0,16,0.3046875,0.375,1,4.8125,1
844,0.294117647,0.167128914,0,68,0.830449827,0.245283019,0.808823529,4.294117647,0
845,0,0.117963704,0,6,0.277777778,0.4,1,4.833333333,1
846,0.25,0.155504114,0,8,1.125,0.142857143,1,3.75,1
847,1.294117647,0.072402113,0,17,1.169550173,0.529411765,0.941176471,3.705882353,1
848,0.111111111,0.074039428,0,9,1.283950617,0.222222222,0.888888889,3.444444444,1
849,0.425531915,0.221430635,0,47,1.152557718,0.428571429,1,3.872340426,0
850,0.181818182,0.141442912,0,11,0.165289256,0,0.818181818,4.909090909,1
851,0.666666667,0.219314802,0,51,0.565167243,0.224489796,1,3.941176471,0
852,0,0.231208293,0,8,0.78125,0,1,3.375,1
853,0.181818182,0.134744513,0,11,0.165289256,0.272727273,1,4.909090909,1
854,0,0.231208293,0,8,0.78125,0,1,3.375,1
855,0,0.21066595,0,9,0.740740741,0,1,3.444444444,1
856,0.1875,0.182673545,0,16,0.40625,0.3125,0.9375,4.75,1
857,0.142857143,0.171808762,0,7,1.387755102,0.571428571,0.571428571,3.285714286,1
858,1.333333333,0.024696141,0,12,1.083333333,0.333333333,1,3.25,1
859,0.25,0.026649801,0,4,1.25,1,1,2.75,1
860,0.222222222,0.164447485,0,27,0.699588477,0.222222222,0.962962963,4.37037037,0
861,0.25,0.20410931,0,8,0.375,0.25,1,4.75,1
862,0.4,0.188296464,0,10,0,0.4,1,5,1
863,0.136363636,0.271379431,0,22,0.483471074,0.0625,0.954545455,4.590909091,0
864,0.37037037,0.195577394,0,54,0.518518519,0.265306122,0.981481481,4,0
865,0,0.098872231,0,5,0.32,0.25,1,4.8,1
866,0.071428571,0.135936316,0,42,0.840136054,1,0.833333333,4.071428571,0
867,0.555555556,0.095680331,0,36,1.399691358,0.484848485,1,3.861111111,0
868,0.090909091,0.356717598,0,11,0.661157025,0.25,1,4.545454545,1
869,0.722222222,0.09590469,0,18,0.104938272,0.333333333,1,4.944444444,1
870,0.117647059,0.119289759,0,17,0.830449827,1,0.882352941,3.117647059,1
871,0,0.146441076,0,10,1.04,0,1,3.3,1
872,0.1875,0.240196058,0,16,0.75,0.461538462,1,4,1
873,0.222222222,0.205267141,0,9,0.444444444,0.222222222,1,4.666666667,1
874,0.5,0.252676509,0,6,0.277777778,0.2,1,4.833333333,1
875,1.266666667,0.21223917,0,15,0.977777778,0.25,0.933333333,4.266666667,1
876,0.421875,0.151227669,0,64,0.797851563,0.320754717,0.90625,4.328125,0
877,0.130434783,0.245448608,0,46,0.243856333,0.261904762,0.804347826,4.869565217,0
878,0.409836066,0.184147393,0,61,1.028755711,0.388888889,0.983606557,4.049180328,0
879,0.083333333,0.115864337,0,36,0.916666667,1,0.833333333,4.083333333,0
880,0.2,0.173349236,0,20,0.095,0.35,1,4.95,0
881,0.489795918,0.171444601,0,49,0.839650146,0.285714286,0.918367347,4.142857143,0
882,0.083333333,0.115864337,0,36,0.916666667,1,0.833333333,4.083333333,0
883,0.095238095,0.422011326,0,21,0.362811791,0.105263158,0.904761905,4.80952381,0
884,0.361702128,0.11172582,0,47,0.896333182,0.307692308,0.787234043,4.361702128,0
885,0,0.116990086,0,12,0.611111111,0.833333333,0.666666667,4.083333333,1
886,0.090909091,0.190821673,0,11,1.05785124,0,1,3.454545455,1
887,0.111111111,0.077125364,0,9,0.691358025,0.75,0.888888889,2.777777778,1
888,0.434782609,0.134653406,0,46,1.219281664,0.441860465,1,3.826086957,0
889,0.114285714,0.198450324,0,35,0.484897959,0.28125,0.742857143,4.685714286,0
890,0.409090909,0.163699935,0,22,1.173553719,1,1,2.863636364,1
891,0.571428571,0.09600297,0,7,1.06122449,0.857142857,0.857142857,2.571428571,1
892,0.24,0.167085998,0,25,0.7616,0.24,0.96,4.32,0
893,1.568965517,0.222736231,0,58,0.831153389,3.753639418,0.879310345,3.75862069,0
894,0.5,0.045428616,0,18,0.777777778,0.19785575,0.944444444,4.222222222,0
895,0,0.231208293,0,8,0.78125,0,1,3.375,0
896,0.585365854,0.10777388,0,41,1.449137418,0.461538462,1,3.731707317,0
897,0.137931034,0.325507969,0,29,0.727705113,0.142857143,0.896551724,4.413793103,0
898,0.142857143,0.211878136,0,21,0.571428571,0.25,0.952380952,4.333333333,0
899,0.709677419,0.267324648,0,31,0.52653486,7.507562008,0.967741935,4.64516129,0
900,0.294117647,0.277716969,0,17,0.830449827,0.382675439,1,4.117647059,0
901,0.1,0.225572752,0,40,0.7475,0.114285714,0.7,4.425,0
902,0.384615385,0.190356556,0,39,0.715318869,5.650969529,1,4.128205128,0
903,0.25,0.194310852,0,56,0.516581633,0.254901961,0.946428571,4.196428571,0
904,0.115384615,0.221363673,0,52,0.50295858,0.980769231,0.923076923,4.673076923,0
905,0.041666667,0.076914727,0,24,1.222222222,0.198321892,0.958333333,3.666666667,0
906,0,0.293632098,0,9,0.197530864,0.5,0.888888889,4.888888889,1
907,0.166666667,0.133528911,0,18,0.49382716,0.2,0.833333333,4.555555556,1
908,1.333333333,0.154393859,1,3,0,0,0,5,1
909,0.053333333,0.133942272,1,75,0,0.90245614,1,5,1
910,0,0.222349311,1,3,0,0.561403509,1,5,1
911,3.666666667,0.086838366,1,3,0,0,1,5,1
912,0.75,0.197023307,1,8,0,1,1,5,1
913,0,0.151267915,0.561403509,6,0,0.561403509,1,5,1
914,0.5,0.068030951,0.561403509,14,0,0.312280702,1,5,1
915,0.666666667,0.121276563,0.561403509,9,0,0.666666667,1,5,1
916,2.166666667,0.068632869,0,12,0,0,1,5,1
917,0.25,0.178495386,1,4,0,0.5,1,5,1
918,0,0.114320646,1,6,0,1,1,5,1
919,1.833333333,0.102927016,0,12,0.277777778,0,0.833333333,4.833333333,1
920,0.5,0.086052168,0,12,0,0.416666667,0.833333333,5,1
921,1.25,0.067156608,0,16,0,0.166666667,1,5,1
922,0.733333333,0.161720565,0,15,0.248888889,1,1,4.866666667,1
923,0.166666667,0.024429336,0,6,1.666666667,0,1,3.5,1
